Sr_No,Team_ID_Password,Email,Name,Mobile
1,HWIJDCOEM001,pathess@jdcoem.ac.in,"Saniya Sanjay Pathe","9579777127"
2,HWIJDCOEM002,vrushalikhobragade45@gmail.com,"Vrushali Khobragade","9307309958"
3,HWIJDCOEM003,deulkarrs@jdcoem.ac.in,"Revati Deulkar","8767121188"
4,HWIJDCOEM004,ambadesg@jdcoem.ac.in,"Swarakshi Ambade","9422753149"
5,HWIJDCOEM005,nishantkose@gmail.com,"Nishant kose","8208277921"
6,HWIJDCOEM006,shrutiparate3@gmail.com,"Shruti Mangal Parate","9322091807"
7,HWIJDCOEM007,rokdemk@jdcoem.ac.in,"Mahesh Rokde","9226686725"
8,HWIJDCOEM008,khandaresp@jdcoem.ac.in,"Sakshi Khandare","9356481385"
9,HWIJDCOEM009,tanvighodeswar31@gmail.com,"Tanvi Ghodeswar","9922290466"
10,HWIJDCOEM010,arnavrajendramore@gmail.com,"Arnav more","9322781774"
11,HWIJDCOEM011,watekarshravan@gmail.com,"Nihar Shravan Watekar","7843083730"
12,HWIJDCOEM012,nandurkarvs@jdcoem.ac.in,"Vedika Nandurkar","9850300852"
13,HWIJDCOEM013,thoolpd@jdcoem.ac.in,"Prajakta Dinesh Thool","9359338044"
14,HWIJDCOEM014,ruchikaravekar2006@gmail.com,"RUCHIKA RAVEKAR","8446485402"
15,HWIJDCOEM015,rautmn@jdcoem.ac.in,"Manasvi Raut","98604 82106"
16,HWIJDCOEM016,vednaikele@gmail.com,"Ved Naikele","8788515353"
17,HWIJDCOEM017,bhargavininave@gmail.com,"Bhargavi Ninave","6263389250"
18,HWIJDCOEM018,zoya04128@gmail.com,"Ruhina fatma","9561546824"
19,HWIJDCOEM019,harshaldafe27@gmail.com,"Harshal Dafe","8087615576"
20,HWIJDCOEM020,apurvarkhadse@gmail.com,"Apurva Khadse","8421910794"
21,HWIJDCOEM021,ishhshete@email.com,"Ishwari shete","93094 08883"
22,HWIJDCOEM022,khobragademotilal@gmail.com,"BADAL Khobragade","9689558836"
23,HWIJDCOEM023,kamnahelonde30@gmail.com,"Kamna vinod helonde","9322597704"
24,HWIJDCOEM024,nitishmaidanwar@gmail.com,"Nitish Maidanwar","8888325912"
25,HWIJDCOEM025,vaibhavparkhi15@gmail.com,"Vaibhav Parkhi","9823779362"
26,HWIJDCOEM026,sohanakotkar6@gmail.com,"Sohan Vinod Akotkar","9172855839"
27,HWIJDCOEM027,rohanthaokar444@jdcoem.ac.in,"Rohan Thaokar","7038629463"
28,HWIJDCOEM028,rohanthaokar444@jdcoem.ac.in,"Rohan Thaokar","7038629463"
29,HWIJDCOEM029,tejassahare71@gmail.com,"Tejas Kailash Sahare","8698262278"
30,HWIJDCOEM030,muktairakshe78@gmail.com,"Muktai Rakshe","8600404375"
31,HWIJDCOEM031,leenakinkar39@gmail.com,"Leena Kinkar","8788475536"
32,HWIJDCOEM032,sanisabhele18@gmail.com,"Sanisa Bhele","9960516254"
33,HWIJDCOEM033,rizwansheikh0000001@gmail.com,"Rizwan Sheikh","8767605266"
34,HWIJDCOEM034,daminishahare7@gmail.com,"Sampada Shahare","9359508949"
35,HWIJDCOEM035,javedkhanpa@jdcoem.ac.in,"Alfiya Pathan","9172006481"
36,HWIJDCOEM036,tembhareroshni70@gmail.com,"Roshani Mukeshwar Tembhare","6261857853"
37,HWIJDCOEM037,shrushtiwanere@gmail.com,"Shrushti Hemant wanere","9699509450"
38,HWIJDCOEM038,suhanigajbhiye0@gmail.com,"Suhani Gajbhiye","9325817173"
39,HWIJDCOEM039,siddhithawkar2007@gmail.com,"Siddhi Thawkar","9270310184"
40,HWIJDCOEM040,burdekhushal517@gmail.com,"Khushal Raju Burde","7385113779"
41,HWIJDCOEM041,parineetacharbhe68@gmail.com,"Parineeta Charbhe","8530533549"
42,HWIJDCOEM042,bhiseminal1@gmail.com,"Minal Bhise","8668852718"
43,HWIJDCOEM043,pranayturakane743@gmail.com,"Pranay Turakane","9699721866"
44,HWIJDCOEM044,bt250616ds@jdcoem.ac.in,"Mayank Thool","8788874661"
45,HWIJDCOEM045,riyalanjekar72@gmail.com,"Riya Lanjekar","7822021181"
46,HWIJDCOEM046,bhumikotte1@gmail.com,"Bhargavi pramod kotte","8459036503"
47,HWIJDCOEM047,dambharesamruddhi7@gmail.com,"Samruddhi Dambhare","7020508967"
48,HWIJDCOEM048,tanushreejaulkar9581@gmail.com,"Tanushree Jaulkar","9503514581"
49,HWIJDCOEM049,sanjivanidupare99@gmail.com,"SANJIVANI DUPARE","8265050824"
50,HWIJDCOEM050,suhaninistane1@gmail.com,"Suhani Nistane","9322065870"
51,HWIJDCOEM051,kawdedivyani@gmail.com,"Divyani Kawde","8855021713"
52,HWIJDCOEM052,twinklearmarkar@gmail.com,"Twinkle armarkar","9021492418"
53,HWIJDCOEM053,tanushreeyadav275@gmail.com,"Tanushree Yadav","9552062571"
54,HWIJDCOEM054,katareaditi077@gmail.com,"Aditi katare","7823885394"
55,HWIJDCOEM055,aditinandankar2@gmail.com,"Aditi Vijay Nandankar","8999614353"
56,HWIJDCOEM056,gauribarapatre07@gmail.com,"Gauri Barapatre","7387521062"
57,HWIJDCOEM057,kochemp@jdcoem.ac.in,"Maithili Pramod Koche","7410749704"
58,HWIJDCOEM058,tanushreebhalerao94@gmail.com,"Tanushree bhalerao","7057870947"
59,HWIJDCOEM059,gauribode@gmail.com,"Gauri Bode","9975702759"
60,HWIJDCOEM060,asutkarnishant@gmail.com,"Nishant Asutkar","9209426180"
61,HWIJDCOEM061,shrijitadhau@gmail.com,"Shrijit Suresh Adhau","9021245790"
62,HWIJDCOEM062,sakshipandey8221@gmail.com,"Sakshi anil pandey","8010867681"
63,HWIJDCOEM063,sanjanabarve25@gmail.com,"Sanjana barve","8432406105"
64,HWIJDCOEM064,harshjuzhare@jdcoem.ac.in,"Harsh Juzhare","7972353358"
65,HWIJDCOEM065,kunalshende115@gmail.com,"Kunal Shende","8055328075"
66,HWIJDCOEM066,asarevs@jdcoem.ac.in,"VAISHNAVI SUNIL ASARE","7558749602"
67,HWIJDCOEM067,kavitapaswan518@gmail.com,"Kavita Subhash Paswan","7840922038"
68,HWIJDCOEM068,anushkamunne286@gmail.com,"Anushka Munne","7798739428"
69,HWIJDCOEM069,riteshchopade393@gmail.com,"Ritesh Prakash Chopade","7276149863"
70,HWIJDCOEM070,khomitytmandhare@gmail.com,"Khomit Mandhare","9156825935"
71,HWIJDCOEM071,pratiktembhare84@gmail.com,"PRATIK TEMBHARE","8007478054"
72,HWIJDCOEM072,wadnere004@gmail.com,"Aditya wadnere","7058476724"
73,HWIJDCOEM073,khushikewat949@gmail.com,"Khushi Kewat","7972685860"
74,HWIJDCOEM074,arsalankhan2005k@gmail.com,"Arsalan khan wajed khan","9405987768"
75,HWIJDCOEM075,janvinimbalkar21@gmail.com,"Janhvi Nimbalkar","9881782632"
76,HWIJDCOEM076,ektaupradeuprade@gmail.com,"Ekta uprade Uprade","ektaupradeuprade@gmail.com"
77,DEMO-KEY-001,demo01@cyberhunt.io,"Demo Agent Alpha","N/A"
78,DEMO-KEY-002,demo02@cyberhunt.io,"Demo Agent Beta","N/A"
79,DEMO-KEY-003,demo03@cyberhunt.io,"Demo Agent Gamma","N/A"
80,DEMO-KEY-004,demo04@cyberhunt.io,"Demo Agent Delta","N/A"
81,DEMO-KEY-005,demo05@cyberhunt.io,"Demo Agent Epsilon","N/A"
82,DEMO-KEY-006,demo06@cyberhunt.io,"Demo Agent Zeta","N/A"
83,DEMO-KEY-007,demo07@cyberhunt.io,"Demo Agent Eta","N/A"
84,DEMO-KEY-008,demo08@cyberhunt.io,"Demo Agent Theta","N/A"
85,DEMO-KEY-009,demo09@cyberhunt.io,"Demo Agent Iota","N/A"
86,DEMO-KEY-010,demo10@cyberhunt.io,"Demo Agent Kappa","N/A"
